
	<!DOCTYPE project [
		<!ELEMENT project (objectids-table | current-scenario | duration | aggregation-period | truncated-mean | percentile)* >
	
		<!ELEMENT objectids-table (objectids-entry)* >
		<!ELEMENT objectids-entry (#PCDATA)>
		<!ELEMENT duration (#PCDATA)>
		<!ELEMENT truncated-mean (#PCDATA)>
		<!ELEMENT percentile (#PCDATA)>
		<!ELEMENT aggregation-period (#PCDATA)>
		<!ELEMENT current-scenario (#PCDATA)>
		<!ATTLIST duration
		    value CDATA #REQUIRED>
	    <!ATTLIST aggregation-period
		    value CDATA #REQUIRED>
		<!ATTLIST objectids-entry
		    objectid CDATA #REQUIRED
		    type CDATA #REQUIRED
		    value CDATA #REQUIRED
		    key CDATA #REQUIRED>
		<!ATTLIST truncated-mean
		    centered-interval CDATA #REQUIRED
		    percentage CDATA #REQUIRED>
		 <!ATTLIST percentile
		    percentage CDATA #REQUIRED>
	]>


<!--****** RUNTIME PROJECT ******--><project>
<!--****** CURRENT SCENARIO ******-->
<current-scenario>PetstoreScenario</current-scenario>
<!--****** OBJECTIDS ******-->
<objectids-table>
<objectids-entry key="" objectid="0" type="LG_HOST" value="localhost:7100"/>
<objectids-entry key="" objectid="1" type="ZONE" value="Zone par défaut"/>
<objectids-entry key="Zone par défaut¤Petstore¤" objectid="2" type="POPULATION" value="Petstore"/>
<objectids-entry key="Zone par défaut¤Petstore¤3-LoopBuyer" objectid="116" type="VIRTUAL_USER" value="3-LoopBuyer"/>
<objectids-entry key="Zone par défaut¤Petstore¤3-LoopBuyer" objectid="117" type="BASIC_LOGICAL_CONTAINER" value="$parent=3-LoopBuyer;$index=0"/>
<objectids-entry key="Zone par défaut¤Petstore¤3-LoopBuyer" objectid="118" type="BASIC_LOGICAL_CONTAINER" value="$parent=3-LoopBuyer;$index=1"/>
<objectids-entry key="Zone par défaut¤Petstore¤3-LoopBuyer" objectid="119" type="HTTP_PAGE" value="07d5fb3a-65a1-4bb8-b18c-f91bc43b4c0b"/>
<objectids-entry key="Zone par défaut¤Petstore¤3-LoopBuyer" objectid="120" type="ACTION" value="5fdb642f-97d6-4303-9f20-8537fdb57655"/>
<objectids-entry key="Zone par défaut¤Petstore¤3-LoopBuyer" objectid="121" type="ACTION" value="ebee1bc6-fc8b-4e4c-be92-d71d5d512611"/>
<objectids-entry key="Zone par défaut¤Petstore¤3-LoopBuyer" objectid="122" type="ACTION" value="c1fd9aa7-eae0-40ea-ba63-fa1bb54eeaea"/>
<objectids-entry key="Zone par défaut¤Petstore¤3-LoopBuyer" objectid="123" type="ACTION" value="63af1cc7-47fa-4495-b551-0e70c809e775"/>
<objectids-entry key="Zone par défaut¤Petstore¤3-LoopBuyer" objectid="124" type="ACTION" value="916f06cc-c598-48bc-8375-ddc48a6120b6"/>
<objectids-entry key="Zone par défaut¤Petstore¤3-LoopBuyer" objectid="125" type="ACTION" value="af20f981-8293-4087-9250-9db7919ef9a1"/>
<objectids-entry key="Zone par défaut¤Petstore¤3-LoopBuyer" objectid="126" type="ACTION" value="7e89742e-6a79-4b8a-a2f6-b03ebd8ac1a5"/>
<objectids-entry key="Zone par défaut¤Petstore¤3-LoopBuyer" objectid="127" type="ACTION" value="ce44ee90-306a-4a17-98cb-213a9df1d960"/>
<objectids-entry key="Zone par défaut¤Petstore¤3-LoopBuyer" objectid="128" type="ACTION" value="676ed6b5-d782-4ef9-a1b0-be616540df28"/>
<objectids-entry key="Zone par défaut¤Petstore¤3-LoopBuyer" objectid="129" type="ACTION" value="9120a4bb-b0b4-4327-b05a-c3ef354c0cd2"/>
<objectids-entry key="Zone par défaut¤Petstore¤3-LoopBuyer" objectid="130" type="BASIC_LOGICAL_CONTAINER" value="085e5123-8773-47fd-8a3c-9b0d2951be15"/>
<objectids-entry key="Zone par défaut¤Petstore¤3-LoopBuyer" objectid="131" type="HTTP_PAGE" value="cee69c99-a2bc-4031-ad21-9594557f29cd"/>
<objectids-entry key="Zone par défaut¤Petstore¤3-LoopBuyer" objectid="132" type="ACTION" value="b0533600-cc77-4973-bc55-003916f68d46"/>
<objectids-entry key="Zone par défaut¤Petstore¤3-LoopBuyer" objectid="133" type="ACTION" value="99f61663-6e36-4771-b4da-616cd74f0e7a"/>
<objectids-entry key="Zone par défaut¤Petstore¤3-LoopBuyer" objectid="134" type="ACTION" value="05940d39-59b4-49ae-96a3-fa06b9b88467"/>
<objectids-entry key="Zone par défaut¤Petstore¤3-LoopBuyer" objectid="135" type="ACTION" value="bb5d4dd7-e4ab-4746-8a6f-b88776a9dcfc"/>
<objectids-entry key="Zone par défaut¤Petstore¤3-LoopBuyer" objectid="136" type="ACTION" value="66986838-c11d-4c3e-9dbb-5da52ed0a65c"/>
<objectids-entry key="Zone par défaut¤Petstore¤3-LoopBuyer" objectid="137" type="ACTION" value="567e382e-06f9-4e05-86a5-be4b63bb6715"/>
<objectids-entry key="Zone par défaut¤Petstore¤3-LoopBuyer" objectid="138" type="ACTION" value="c9926ec2-c2d1-44ad-8de5-d3024b156e58"/>
<objectids-entry key="Zone par défaut¤Petstore¤3-LoopBuyer" objectid="139" type="ACTION" value="996acad7-da85-467d-86a7-feb5172ff0fb"/>
<objectids-entry key="Zone par défaut¤Petstore¤3-LoopBuyer" objectid="140" type="BASIC_LOGICAL_CONTAINER" value="faaf1a15-fedd-401d-a77c-e0460d5643ee"/>
<objectids-entry key="Zone par défaut¤Petstore¤3-LoopBuyer" objectid="141" type="HTTP_PAGE" value="6fe3da09-a1f9-4f80-8cc6-6dbe1f28276f"/>
<objectids-entry key="Zone par défaut¤Petstore¤3-LoopBuyer" objectid="142" type="ACTION" value="d138750f-a0fb-4ad9-a051-67b2cf596ec6"/>
<objectids-entry key="Zone par défaut¤Petstore¤3-LoopBuyer" objectid="143" type="ACTION" value="25ccd8bd-3f3b-4a7a-9e70-9f8b865d59f1"/>
<objectids-entry key="Zone par défaut¤Petstore¤3-LoopBuyer" objectid="144" type="ACTION" value="bc4eca5b-6188-4e99-86c4-07841424f66e"/>
<objectids-entry key="Zone par défaut¤Petstore¤3-LoopBuyer" objectid="145" type="ACTION" value="28061e14-3f06-4b04-86ff-3b3c88b0a0e6"/>
<objectids-entry key="Zone par défaut¤Petstore¤3-LoopBuyer" objectid="146" type="ACTION" value="868e86ad-5c1b-48a6-924f-c8f2fa325e46"/>
<objectids-entry key="Zone par défaut¤Petstore¤3-LoopBuyer" objectid="147" type="ACTION" value="c85d63ca-60d8-43af-a69b-97901af78c85"/>
<objectids-entry key="Zone par défaut¤Petstore¤3-LoopBuyer" objectid="148" type="ACTION" value="2b7d6204-82a9-4f3f-a0ed-1c6cf050cd3d"/>
<objectids-entry key="Zone par défaut¤Petstore¤3-LoopBuyer" objectid="149" type="ACTION" value="dfe651ec-dd5e-4d0b-b1ed-2e3ddb4db0c1"/>
<objectids-entry key="Zone par défaut¤Petstore¤3-LoopBuyer" objectid="150" type="ACTION" value="b84ef03d-ae0f-44b0-b778-73f5f341347c"/>
<objectids-entry key="Zone par défaut¤Petstore¤3-LoopBuyer" objectid="151" type="ACTION" value="da6030cc-3714-4849-b486-59a47f0bb4b5"/>
<objectids-entry key="Zone par défaut¤Petstore¤3-LoopBuyer" objectid="152" type="LOOP" value="01c09fd7-6ac3-4f1b-a6ae-a104be6ffa61"/>
<objectids-entry key="Zone par défaut¤Petstore¤3-LoopBuyer" objectid="153" type="BASIC_LOGICAL_CONTAINER" value="7ea8ba7e-feb9-409b-abb2-06dc165f7c72"/>
<objectids-entry key="Zone par défaut¤Petstore¤3-LoopBuyer" objectid="154" type="HTTP_PAGE" value="6035deb6-5f7a-4436-8d88-57e31c79fac0"/>
<objectids-entry key="Zone par défaut¤Petstore¤3-LoopBuyer" objectid="155" type="ACTION" value="6c2b55f3-a229-40f5-8bbc-0c8172943761"/>
<objectids-entry key="Zone par défaut¤Petstore¤3-LoopBuyer" objectid="156" type="BASIC_LOGICAL_CONTAINER" value="b94930d9-03d6-46ed-965e-902bfd4e1393"/>
<objectids-entry key="Zone par défaut¤Petstore¤3-LoopBuyer" objectid="157" type="HTTP_PAGE" value="68b85a96-c317-4f10-85ee-ec4081cfe944"/>
<objectids-entry key="Zone par défaut¤Petstore¤3-LoopBuyer" objectid="158" type="ACTION" value="992827c4-e21b-4d85-a2cb-a1798a0b6306"/>
<objectids-entry key="Zone par défaut¤Petstore¤3-LoopBuyer" objectid="159" type="ACTION" value="64f71ed0-47c2-4c7c-977f-2a5b64dd8c1a"/>
<objectids-entry key="Zone par défaut¤Petstore¤3-LoopBuyer" objectid="160" type="BASIC_LOGICAL_CONTAINER" value="90164878-5d0c-41c4-9ec9-83e98dc1b780"/>
<objectids-entry key="Zone par défaut¤Petstore¤3-LoopBuyer" objectid="161" type="HTTP_PAGE" value="0d3aadb8-594b-4899-b30d-1b257c22ad99"/>
<objectids-entry key="Zone par défaut¤Petstore¤3-LoopBuyer" objectid="162" type="ACTION" value="e77f2904-c67c-4921-9da4-53c950098e6b"/>
<objectids-entry key="Zone par défaut¤Petstore¤3-LoopBuyer" objectid="163" type="ACTION" value="f9e68958-b508-462c-bcbb-110987e8f19e"/>
<objectids-entry key="Zone par défaut¤Petstore¤3-LoopBuyer" objectid="164" type="JS_ACTION" value="b6a2bef9-96d9-40ba-a879-c4446bcb0465"/>
<objectids-entry key="Zone par défaut¤Petstore¤3-LoopBuyer" objectid="165" type="BASIC_LOGICAL_CONTAINER" value="0ab62033-72b6-4614-b443-695e5061b763"/>
<objectids-entry key="Zone par défaut¤Petstore¤3-LoopBuyer" objectid="166" type="HTTP_PAGE" value="bb447354-b02c-4e97-afe4-209ee76df590"/>
<objectids-entry key="Zone par défaut¤Petstore¤3-LoopBuyer" objectid="167" type="ACTION" value="ec1ac35a-cd57-4245-aae0-d00fb8ba6f7f"/>
<objectids-entry key="Zone par défaut¤Petstore¤3-LoopBuyer" objectid="168" type="ACTION" value="0e595d05-d60a-4e1d-91b1-d2d23b603742"/>
<objectids-entry key="Zone par défaut¤Petstore¤3-LoopBuyer" objectid="169" type="ACTION" value="e096e543-7b43-41a9-adb9-e64623979e09"/>
<objectids-entry key="Zone par défaut¤Petstore¤3-LoopBuyer" objectid="170" type="ACTION" value="25b75e3f-335a-4670-b69c-0e2805f113e5"/>
<objectids-entry key="Zone par défaut¤Petstore¤3-LoopBuyer" objectid="171" type="BASIC_LOGICAL_CONTAINER" value="7d2aed52-08ee-439e-a37c-37a7e795a898"/>
<objectids-entry key="Zone par défaut¤Petstore¤3-LoopBuyer" objectid="172" type="HTTP_PAGE" value="c2619b17-e172-46ad-8805-e2a69111abbb"/>
<objectids-entry key="Zone par défaut¤Petstore¤3-LoopBuyer" objectid="173" type="ACTION" value="e40e649e-3a2e-4729-9a36-823f7114371e"/>
<objectids-entry key="Zone par défaut¤Petstore¤3-LoopBuyer" objectid="174" type="ACTION" value="a2f2a9a0-662b-4798-a3f1-a22189107871"/>
<objectids-entry key="Zone par défaut¤Petstore¤3-LoopBuyer" objectid="175" type="HTTP_PAGE" value="29cc08bc-ce2c-4da1-af87-55bd87f1fa82"/>
<objectids-entry key="Zone par défaut¤Petstore¤3-LoopBuyer" objectid="176" type="ACTION" value="cb836906-c9c0-4b68-8878-b6eb304898c8"/>
<objectids-entry key="Zone par défaut¤Petstore¤3-LoopBuyer" objectid="177" type="BASIC_LOGICAL_CONTAINER" value="5f286ece-7fe3-40ba-ad25-efad295a0b91"/>
<objectids-entry key="Zone par défaut¤Petstore¤3-LoopBuyer" objectid="178" type="HTTP_PAGE" value="8047b7bf-928a-4543-88ce-e06cc67cf4c6"/>
<objectids-entry key="Zone par défaut¤Petstore¤3-LoopBuyer" objectid="179" type="ACTION" value="d52b0885-3b68-47c3-a814-d60450a207c5"/>
<objectids-entry key="Zone par défaut¤Petstore¤3-LoopBuyer" objectid="180" type="DELAY" value="0cccff3d-f37a-474c-989a-ac24bf57378d"/>
<objectids-entry key="Zone par défaut¤Petstore¤3-LoopBuyer" objectid="181" type="HTTP_PAGE" value="8160df57-a2b6-4abd-939e-25e532960ca1"/>
<objectids-entry key="Zone par défaut¤Petstore¤3-LoopBuyer" objectid="182" type="ACTION" value="c53361d3-8adc-42d1-8055-9fabe51113a7"/>
<objectids-entry key="Zone par défaut¤Petstore¤3-LoopBuyer" objectid="183" type="BASIC_LOGICAL_CONTAINER" value="799c6868-475c-4752-a3e0-58b396a7ba2e"/>
<objectids-entry key="Zone par défaut¤Petstore¤3-LoopBuyer" objectid="184" type="HTTP_PAGE" value="0ded2999-60b4-4678-864c-64aaf135ade0"/>
<objectids-entry key="Zone par défaut¤Petstore¤3-LoopBuyer" objectid="185" type="ACTION" value="8fe7496a-8beb-4e86-a6a5-d7aa8c3173ad"/>
<objectids-entry key="Zone par défaut¤Petstore¤3-LoopBuyer" objectid="186" type="BASIC_LOGICAL_CONTAINER" value="$parent=3-LoopBuyer;$index=2"/>
<objectids-entry key="Zone par défaut¤Petstore¤2-Searcher_trycatch" objectid="187" type="VIRTUAL_USER" value="2-Searcher_trycatch"/>
<objectids-entry key="Zone par défaut¤Petstore¤2-Searcher_trycatch" objectid="188" type="BASIC_LOGICAL_CONTAINER" value="$parent=2-Searcher_trycatch;$index=0"/>
<objectids-entry key="Zone par défaut¤Petstore¤2-Searcher_trycatch" objectid="189" type="BASIC_LOGICAL_CONTAINER" value="$parent=2-Searcher_trycatch;$index=1"/>
<objectids-entry key="Zone par défaut¤Petstore¤2-Searcher_trycatch" objectid="190" type="HTTP_PAGE" value="2f0d780d-9c6f-4f16-bb2a-ca7c42c9562b"/>
<objectids-entry key="Zone par défaut¤Petstore¤2-Searcher_trycatch" objectid="191" type="ACTION" value="5fb5e3a2-0f74-42bb-acfb-66b0f2159646"/>
<objectids-entry key="Zone par défaut¤Petstore¤2-Searcher_trycatch" objectid="192" type="ACTION" value="3025ad6a-b002-45d2-a312-d7851f715fd0"/>
<objectids-entry key="Zone par défaut¤Petstore¤2-Searcher_trycatch" objectid="193" type="ACTION" value="b9033e2c-5dd2-49e7-9c3c-5e1e026c9879"/>
<objectids-entry key="Zone par défaut¤Petstore¤2-Searcher_trycatch" objectid="194" type="ACTION" value="91345ccd-c27d-450c-af95-53bd3704203e"/>
<objectids-entry key="Zone par défaut¤Petstore¤2-Searcher_trycatch" objectid="195" type="ACTION" value="d5a8d19d-b8ad-4657-b222-dbd8aeec1292"/>
<objectids-entry key="Zone par défaut¤Petstore¤2-Searcher_trycatch" objectid="196" type="ACTION" value="2547ddb2-572c-4a8b-a7fe-b5a0bccfe321"/>
<objectids-entry key="Zone par défaut¤Petstore¤2-Searcher_trycatch" objectid="197" type="ACTION" value="f8e10847-5208-4c0d-8ae9-f58c325da8ee"/>
<objectids-entry key="Zone par défaut¤Petstore¤2-Searcher_trycatch" objectid="198" type="ACTION" value="9fd0197f-6b26-47b7-90cf-682af24de943"/>
<objectids-entry key="Zone par défaut¤Petstore¤2-Searcher_trycatch" objectid="199" type="ACTION" value="951e7578-81d4-402f-a8ec-acf13cb5d40d"/>
<objectids-entry key="Zone par défaut¤Petstore¤2-Searcher_trycatch" objectid="200" type="ACTION" value="92978cf2-12f0-4e60-95f6-01151fa4cd7e"/>
<objectids-entry key="Zone par défaut¤Petstore¤2-Searcher_trycatch" objectid="201" type="BASIC_LOGICAL_CONTAINER" value="5eb9660a-2733-4904-ab58-b5f4c27d7ca5"/>
<objectids-entry key="Zone par défaut¤Petstore¤2-Searcher_trycatch" objectid="202" type="HTTP_PAGE" value="cb0109e8-a68e-4aaf-bd8f-7d94753d5f70"/>
<objectids-entry key="Zone par défaut¤Petstore¤2-Searcher_trycatch" objectid="203" type="ACTION" value="e6140d67-52e4-476c-bb58-8ead4338588b"/>
<objectids-entry key="Zone par défaut¤Petstore¤2-Searcher_trycatch" objectid="204" type="ACTION" value="fae3ee1d-449e-4ad1-b1db-27d5947f43d6"/>
<objectids-entry key="Zone par défaut¤Petstore¤2-Searcher_trycatch" objectid="205" type="ACTION" value="f88c6e35-68b4-4357-ae1e-b58c0c846c45"/>
<objectids-entry key="Zone par défaut¤Petstore¤2-Searcher_trycatch" objectid="206" type="ACTION" value="1049327b-126c-4483-b4f9-d2cc4b4d3dbd"/>
<objectids-entry key="Zone par défaut¤Petstore¤2-Searcher_trycatch" objectid="207" type="ACTION" value="58712020-9162-44ae-bbf0-ed291b127013"/>
<objectids-entry key="Zone par défaut¤Petstore¤2-Searcher_trycatch" objectid="208" type="ACTION" value="681963fd-a7e5-471b-aa86-1ac2b67208cd"/>
<objectids-entry key="Zone par défaut¤Petstore¤2-Searcher_trycatch" objectid="209" type="ACTION" value="e2648e5b-5def-43d8-ba0d-a559f3532700"/>
<objectids-entry key="Zone par défaut¤Petstore¤2-Searcher_trycatch" objectid="210" type="ACTION" value="789977ad-ba28-48d6-9e9a-23a27d4cb81f"/>
<objectids-entry key="Zone par défaut¤Petstore¤2-Searcher_trycatch" objectid="211" type="ACTION" value="efb06e6e-278b-4326-be8f-48aac24b7a20"/>
<objectids-entry key="Zone par défaut¤Petstore¤2-Searcher_trycatch" objectid="212" type="ACTION" value="ddc55a0c-3562-47f8-bc1e-1ba9675cb6bf"/>
<objectids-entry key="Zone par défaut¤Petstore¤2-Searcher_trycatch" objectid="213" type="ACTION" value="57a52594-0ee9-4ac1-a522-46fcd83e5813"/>
<objectids-entry key="Zone par défaut¤Petstore¤2-Searcher_trycatch" objectid="214" type="ACTION" value="8196bb1b-6a10-4b4a-8136-106216923e35"/>
<objectids-entry key="Zone par défaut¤Petstore¤2-Searcher_trycatch" objectid="215" type="LOOP" value="5622b1bc-abb8-4239-83aa-1c8fdb4bd866"/>
<objectids-entry key="Zone par défaut¤Petstore¤2-Searcher_trycatch" objectid="216" type="BASIC_LOGICAL_CONTAINER" value="496d1c27-707a-4a5c-83bd-54c15bd1b65b"/>
<objectids-entry key="Zone par défaut¤Petstore¤2-Searcher_trycatch" objectid="217" type="HTTP_PAGE" value="0426d252-67c4-4fac-995e-d1af4ccc21eb"/>
<objectids-entry key="Zone par défaut¤Petstore¤2-Searcher_trycatch" objectid="218" type="ACTION" value="e3515ae8-d083-4d1b-b682-c82a9193088c"/>
<objectids-entry key="Zone par défaut¤Petstore¤2-Searcher_trycatch" objectid="219" type="ACTION" value="4c0f0028-f5f5-4e21-8943-8d76c250ebce"/>
<objectids-entry key="Zone par défaut¤Petstore¤2-Searcher_trycatch" objectid="220" type="TRY" value="dbe700d2-998e-44c8-a8e5-f8a86e0fe0d4"/>
<objectids-entry key="Zone par défaut¤Petstore¤2-Searcher_trycatch" objectid="221" type="BASIC_LOGICAL_CONTAINER" value="$parent=dbe700d2-998e-44c8-a8e5-f8a86e0fe0d4;$index=0"/>
<objectids-entry key="Zone par défaut¤Petstore¤2-Searcher_trycatch" objectid="222" type="BASIC_LOGICAL_CONTAINER" value="4690f781-e64b-49a5-9b04-55a62616249c"/>
<objectids-entry key="Zone par défaut¤Petstore¤2-Searcher_trycatch" objectid="223" type="HTTP_PAGE" value="36f5cb43-cce9-4a14-ba6e-2840bbf8bf25"/>
<objectids-entry key="Zone par défaut¤Petstore¤2-Searcher_trycatch" objectid="224" type="ACTION" value="5dac8078-0f9e-4daa-8955-43f74fef12e2"/>
<objectids-entry key="Zone par défaut¤Petstore¤2-Searcher_trycatch" objectid="225" type="ACTION" value="db61994c-9972-4baa-a4ea-c09ce9ef8755"/>
<objectids-entry key="Zone par défaut¤Petstore¤2-Searcher_trycatch" objectid="226" type="BASIC_LOGICAL_CONTAINER" value="$parent=dbe700d2-998e-44c8-a8e5-f8a86e0fe0d4;$index=1"/>
<objectids-entry key="Zone par défaut¤Petstore¤2-Searcher_trycatch" objectid="227" type="STOP_VU" value="cf0d6ff5-db05-4b83-8907-4d02a5b23080"/>
<objectids-entry key="Zone par défaut¤Petstore¤2-Searcher_trycatch" objectid="228" type="BASIC_LOGICAL_CONTAINER" value="$parent=2-Searcher_trycatch;$index=2"/>
<objectids-entry key="¤¤" objectid="229" type="MONITORED_HOST" value="3.8.187.97"/>
<objectids-entry key="¤¤" objectid="230" type="MONITORCONNECTION" value="3.8.187.97$mysql"/>
<objectids-entry key="¤¤" objectid="231" type="MONITOR" value="3.8.187.97$mysql$Connections/ threads connected"/>
<objectids-entry key="¤¤" objectid="232" type="MONITOR" value="3.8.187.97$mysql$Connections/ aborted clients"/>
<objectids-entry key="¤¤" objectid="234" type="MONITOR" value="3.8.187.97$mysql$Connections/ aborted connects"/>
<objectids-entry key="¤¤" objectid="236" type="MONITOR" value="3.8.187.97$mysql$Connections/ max used"/>
<objectids-entry key="¤¤" objectid="237" type="MONITOR" value="3.8.187.97$mysql$Select Rates/ select full join"/>
<objectids-entry key="¤¤" objectid="239" type="MONITOR" value="3.8.187.97$mysql$Select Rates/ select range check"/>
<objectids-entry key="¤¤" objectid="240" type="MONITOR" value="3.8.187.97$mysql$Read Rates/ handler read random"/>
<objectids-entry key="¤¤" objectid="241" type="MONITOR" value="3.8.187.97$mysql$Read Rates/ handler read random next"/>
<objectids-entry key="¤¤" objectid="242" type="MONITOR" value="3.8.187.97$mysql$Key Rates/ key reads (disk)"/>
<objectids-entry key="¤¤" objectid="243" type="MONITOR" value="3.8.187.97$mysql$Key Rates/ key writes (disk)"/>
<objectids-entry key="¤¤" objectid="244" type="MONITOR" value="3.8.187.97$mysql$Commands Rates/ handler rollback"/>
<objectids-entry key="¤¤" objectid="245" type="MONITOR" value="3.8.187.97$mysql$Commands Rates/ handler savepoint rollback"/>
<objectids-entry key="¤¤" objectid="246" type="MONITOR" value="3.8.187.97$mysql$Tables/ table locks waited"/>
<objectids-entry key="¤¤" objectid="248" type="MONITOR" value="3.8.187.97$mysql$Memory/ % key buffer size"/>
<objectids-entry key="¤¤" objectid="250" type="MONITOR" value="3.8.187.97$mysql$Misc./ slow queries"/>
<objectids-entry key="¤¤" objectid="252" type="MONITOR" value="3.8.187.97$mysql$Misc./ slow launch threads"/>
<objectids-entry key="¤¤" objectid="253" type="MONITOR" value="3.8.187.97$mysql$Misc./ sort merge passes"/>
<objectids-entry key="¤¤" objectid="255" type="MONITOR" value="3.8.187.97$mysql$Misc./ not flushed delayed rows"/>
<objectids-entry key="¤¤" objectid="256" type="MONITOR" value="3.8.187.97$mysql$Description/ Database Version"/>
<objectids-entry key="¤¤" objectid="257" type="MONITORCONNECTION" value="3.8.187.97$http-apache"/>
<objectids-entry key="¤¤" objectid="258" type="MONITORCONNECTION" value="3.8.187.97$tomcat"/>
<objectids-entry key="¤¤" objectid="259" type="MONITOR" value="3.8.187.97$tomcat$Session/localhost//jpetstore/activeSessions"/>
<objectids-entry key="¤¤" objectid="260" type="MONITOR" value="3.8.187.97$tomcat$Session/localhost//jpetstore/rejectedSessions"/>
<objectids-entry key="¤¤" objectid="261" type="MONITOR" value="3.8.187.97$tomcat$Session/localhost//jpetstore/% rejectedSessions"/>
<objectids-entry key="¤¤" objectid="263" type="MONITOR" value="3.8.187.97$tomcat$Session/localhost//jpetstore/expiredSessions"/>
<objectids-entry key="¤¤" objectid="264" type="MONITOR" value="3.8.187.97$tomcat$RequestProcessor/-ajp-bio-127.0.0.1-8009-/errorCount"/>
<objectids-entry key="¤¤" objectid="265" type="MONITOR" value="3.8.187.97$tomcat$RequestProcessor/-ajp-bio-127.0.0.1-8009-/% errorCount"/>
<objectids-entry key="¤¤" objectid="267" type="MONITOR" value="3.8.187.97$tomcat$RequestProcessor/-http-bio-8080-/errorCount"/>
<objectids-entry key="¤¤" objectid="268" type="MONITOR" value="3.8.187.97$tomcat$RequestProcessor/-http-bio-8080-/% errorCount"/>
<objectids-entry key="¤¤" objectid="270" type="MONITOR" value="3.8.187.97$tomcat$DataSource/localhost//jpetstore/javax.sql.DataSource/-jdbc/jpetstore1-/numActive"/>
<objectids-entry key="¤¤" objectid="271" type="MONITOR" value="3.8.187.97$tomcat$DataSource/localhost//jpetstore/javax.sql.DataSource/-jdbc/jpetstore1-/% numActive"/>
<objectids-entry key="¤¤" objectid="273" type="MONITOR" value="3.8.187.97$tomcat$DataSource/localhost//jpetstore/javax.sql.DataSource/-jdbc/jpetstore1-/numIdle"/>
<objectids-entry key="¤¤" objectid="274" type="MONITOR" value="3.8.187.97$tomcat$DataSource/localhost//jpetstore/javax.sql.DataSource/-jdbc/jpetstore1-/poolConfiguration"/>
<objectids-entry key="¤¤" objectid="275" type="MONITOR" value="3.8.187.97$tomcat$ThreadPool/-ajp-bio-127.0.0.1-8009-/currentThreadsBusy"/>
<objectids-entry key="¤¤" objectid="276" type="MONITOR" value="3.8.187.97$tomcat$ThreadPool/-ajp-bio-127.0.0.1-8009-/% currentThreadsBusy"/>
<objectids-entry key="¤¤" objectid="278" type="MONITOR" value="3.8.187.97$tomcat$ThreadPool/-ajp-bio-127.0.0.1-8009-/threadsConfiguration"/>
<objectids-entry key="¤¤" objectid="279" type="MONITOR" value="3.8.187.97$tomcat$ThreadPool/-http-bio-8080-/currentThreadsBusy"/>
<objectids-entry key="¤¤" objectid="280" type="MONITOR" value="3.8.187.97$tomcat$ThreadPool/-http-bio-8080-/% currentThreadsBusy"/>
<objectids-entry key="¤¤" objectid="282" type="MONITOR" value="3.8.187.97$tomcat$ThreadPool/-http-bio-8080-/threadsConfiguration"/>
<objectids-entry key="¤¤" objectid="283" type="MONITOR" value="3.8.187.97$tomcat$VM/Memory/Used"/>
<objectids-entry key="¤¤" objectid="284" type="MONITOR" value="3.8.187.97$tomcat$VM/Memory/% Used"/>
<objectids-entry key="¤¤" objectid="286" type="MONITOR" value="3.8.187.97$tomcat$VM/Memory/Max"/>
<objectids-entry key="¤¤" objectid="287" type="MONITOR" value="3.8.187.97$tomcat$VM/Garbage Collector/PS MarkSweep/CollectionTime"/>
<objectids-entry key="¤¤" objectid="288" type="MONITOR" value="3.8.187.97$tomcat$VM/Garbage Collector/PS Scavenge/CollectionTime"/>
<objectids-entry key="¤¤" objectid="289" type="MONITOR" value="3.8.187.97$tomcat$Description/JVM"/>
<objectids-entry key="¤¤" objectid="290" type="MONITOR" value="3.8.187.97$tomcat$Description/Specification/Host"/>
<objectids-entry key="¤¤" objectid="291" type="MONITORED_HOST" value="NeoLoad"/>
<objectids-entry key="¤¤" objectid="292" type="MONITORCONNECTION" value="NeoLoad$NeoLoad"/>
<objectids-entry key="¤¤" objectid="293" type="MONITOR" value="NeoLoad$NeoLoad$UserLoad"/>
<objectids-entry key="¤¤" objectid="294" type="MONITOR" value="NeoLoad$NeoLoad$throughput"/>
<objectids-entry key="¤¤" objectid="295" type="MONITOR" value="NeoLoad$NeoLoad$Alerts"/>
<objectids-entry key="¤¤" objectid="296" type="MONITOR" value="NeoLoad$NeoLoad$CriticalAlerts"/>
<objectids-entry key="¤¤" objectid="297" type="MONITOR" value="NeoLoad$NeoLoad$WarningAlerts"/>
<objectids-entry key="¤¤" objectid="298" type="MONITOR" value="NeoLoad$NeoLoad$cpu"/>
<objectids-entry key="¤¤" objectid="300" type="MONITOR" value="NeoLoad$NeoLoad$memory"/>
<objectids-entry key="¤¤" objectid="302" type="MONITOR" value="NeoLoad$NeoLoad$threadcount"/>
<objectids-entry key="¤¤" objectid="303" type="MONITOR" value="NeoLoad$NeoLoad$connectedlg"/>
<objectids-entry key="¤¤" objectid="304" type="MONITOR" value="NeoLoad$NeoLoad$totallgdisconnections"/>
<objectids-entry key="¤¤" objectid="306" type="MONITOR" value="NeoLoad$NeoLoad$totallgreconnections"/>
<objectids-entry key="¤¤" objectid="307" type="MONITOR" value="NeoLoad$NeoLoad$otcp.NeoLoad"/>
<objectids-entry key="¤¤" objectid="308" type="MONITOR" value="NeoLoad$NeoLoad$tcp.NeoLoad"/>
<objectids-entry key="¤¤" objectid="309" type="MONITOR" value="NeoLoad$NeoLoad$ibytesperinterface~NeoLoad~wlan0"/>
<objectids-entry key="¤¤" objectid="310" type="MONITOR" value="NeoLoad$NeoLoad$obytesperinterface~NeoLoad~wlan0"/>
<objectids-entry key="¤¤" objectid="311" type="MONITOR" value="NeoLoad$NeoLoad$ibytesperinterface~NeoLoad~eth2"/>
<objectids-entry key="¤¤" objectid="312" type="MONITOR" value="NeoLoad$NeoLoad$obytesperinterface~NeoLoad~eth2"/>
<objectids-entry key="¤¤" objectid="313" type="MONITOR" value="NeoLoad$NeoLoad$ibytesperinterface~NeoLoad~eth13"/>
<objectids-entry key="¤¤" objectid="314" type="MONITOR" value="NeoLoad$NeoLoad$obytesperinterface~NeoLoad~eth13"/>
<objectids-entry key="¤¤" objectid="315" type="MONITOR" value="NeoLoad$NeoLoad$ibytesperinterface~NeoLoad~wlan2"/>
<objectids-entry key="¤¤" objectid="316" type="MONITOR" value="NeoLoad$NeoLoad$obytesperinterface~NeoLoad~wlan2"/>
<objectids-entry key="¤¤" objectid="317" type="MONITOR" value="NeoLoad$NeoLoad$ibytesperinterface~NeoLoad~eth9"/>
<objectids-entry key="¤¤" objectid="318" type="MONITOR" value="NeoLoad$NeoLoad$obytesperinterface~NeoLoad~eth9"/>
<objectids-entry key="¤¤" objectid="319" type="MONITOR" value="NeoLoad$NeoLoad$nlwebdownload"/>
<objectids-entry key="¤¤" objectid="320" type="MONITOR" value="NeoLoad$NeoLoad$nlwebupload"/>
<objectids-entry key="¤¤" objectid="321" type="MONITOR" value="NeoLoad$NeoLoad$SapUserLoad"/>
<objectids-entry key="¤¤" objectid="322" type="MONITOR" value="NeoLoad$NeoLoad$CitrixUserLoad"/>
<objectids-entry key="¤¤" objectid="323" type="MONITOR" value="NeoLoad$NeoLoad$zoneuserload~Zone par défaut"/>
<objectids-entry key="¤¤" objectid="324" type="MONITOR" value="NeoLoad$NeoLoad$zoneuserloadperpopulation~Zone par défaut~Petstore"/>
<objectids-entry key="¤¤" objectid="325" type="MONITOR" value="NeoLoad$NeoLoad$zoneuserloadperpopulation~Zone par défaut~Petstore~2-Searcher_trycatch"/>
<objectids-entry key="¤¤" objectid="326" type="MONITOR" value="NeoLoad$NeoLoad$zoneuserloadperpopulation~Zone par défaut~Petstore~3-LoopBuyer"/>
<objectids-entry key="¤¤" objectid="327" type="MONITORED_HOST" value="Injecteur localhost:7100"/>
<objectids-entry key="¤¤" objectid="328" type="MONITORCONNECTION" value="Injecteur localhost:7100$NeoLoad"/>
<objectids-entry key="¤¤" objectid="329" type="MONITOR" value="Injecteur localhost:7100$NeoLoad$lgcpu.localhost:7100"/>
<objectids-entry key="¤¤" objectid="331" type="MONITOR" value="Injecteur localhost:7100$NeoLoad$lgmemory.localhost:7100"/>
<objectids-entry key="¤¤" objectid="333" type="MONITOR" value="Injecteur localhost:7100$NeoLoad$lgthroughput.localhost:7100"/>
<objectids-entry key="¤¤" objectid="334" type="MONITOR" value="Injecteur localhost:7100$NeoLoad$lguserloadperpopulation~localhost:7100"/>
<objectids-entry key="¤¤" objectid="335" type="MONITOR" value="Injecteur localhost:7100$NeoLoad$lgthreadcount.localhost:7100"/>
<objectids-entry key="¤¤" objectid="336" type="MONITOR" value="Injecteur localhost:7100$NeoLoad$lg.jetty.httpclient.threadpool.used.localhost:7100"/>
<objectids-entry key="¤¤" objectid="337" type="MONITOR" value="Injecteur localhost:7100$NeoLoad$lg.jetty.httpclient.taskpool.used.localhost:7100"/>
<objectids-entry key="¤¤" objectid="339" type="MONITOR" value="Injecteur localhost:7100$NeoLoad$lgdisconnections.localhost:7100"/>
<objectids-entry key="¤¤" objectid="340" type="MONITOR" value="Injecteur localhost:7100$NeoLoad$lgreconnections.localhost:7100"/>
<objectids-entry key="¤¤" objectid="341" type="MONITOR" value="Injecteur localhost:7100$NeoLoad$lgping.localhost:7100"/>
<objectids-entry key="¤¤" objectid="342" type="MONITOR" value="Injecteur localhost:7100$NeoLoad$lgotcp.localhost:7100"/>
<objectids-entry key="¤¤" objectid="343" type="MONITOR" value="Injecteur localhost:7100$NeoLoad$lgtcp.localhost:7100"/>
<objectids-entry key="¤¤" objectid="344" type="MONITOR" value="Injecteur localhost:7100$NeoLoad$lgibytesperinterface~localhost:7100~wlan0"/>
<objectids-entry key="¤¤" objectid="345" type="MONITOR" value="Injecteur localhost:7100$NeoLoad$lgobytesperinterface~localhost:7100~wlan0"/>
<objectids-entry key="¤¤" objectid="346" type="MONITOR" value="Injecteur localhost:7100$NeoLoad$lgibytesperinterface~localhost:7100~eth2"/>
<objectids-entry key="¤¤" objectid="347" type="MONITOR" value="Injecteur localhost:7100$NeoLoad$lgobytesperinterface~localhost:7100~eth2"/>
<objectids-entry key="¤¤" objectid="348" type="MONITOR" value="Injecteur localhost:7100$NeoLoad$lgibytesperinterface~localhost:7100~eth13"/>
<objectids-entry key="¤¤" objectid="349" type="MONITOR" value="Injecteur localhost:7100$NeoLoad$lgobytesperinterface~localhost:7100~eth13"/>
<objectids-entry key="¤¤" objectid="350" type="MONITOR" value="Injecteur localhost:7100$NeoLoad$lgibytesperinterface~localhost:7100~wlan2"/>
<objectids-entry key="¤¤" objectid="351" type="MONITOR" value="Injecteur localhost:7100$NeoLoad$lgobytesperinterface~localhost:7100~wlan2"/>
<objectids-entry key="¤¤" objectid="352" type="MONITOR" value="Injecteur localhost:7100$NeoLoad$lgibytesperinterface~localhost:7100~eth9"/>
<objectids-entry key="¤¤" objectid="353" type="MONITOR" value="Injecteur localhost:7100$NeoLoad$lgobytesperinterface~localhost:7100~eth9"/>
<objectids-entry key="¤¤" objectid="394" type="THRESHOLD" value="NeoLoad$NeoLoad$79c9932f-7024-4b5a-9363-a68127ef9a45"/>
<objectids-entry key="¤¤" objectid="395" type="THRESHOLD" value="NeoLoad$NeoLoad$6f13df53-78c8-4c89-94e4-2e5f251f6632"/>
<objectids-entry key="¤¤" objectid="396" type="THRESHOLD" value="NeoLoad$NeoLoad$c2d6da18-c18a-4fc7-b7ff-6e12e8d95471"/>
<objectids-entry key="¤¤" objectid="397" type="THRESHOLD" value="3.8.187.97$mysql$18f05ca6-4abd-40f0-a63a-695cdab081b2"/>
<objectids-entry key="¤¤" objectid="398" type="THRESHOLD" value="3.8.187.97$mysql$a60d0de3-4712-4f58-982b-1eb34f4f604a"/>
<objectids-entry key="¤¤" objectid="399" type="THRESHOLD" value="3.8.187.97$mysql$a6c20865-b183-4e0b-9c68-b90611f407d1"/>
<objectids-entry key="¤¤" objectid="400" type="THRESHOLD" value="3.8.187.97$mysql$f62deacc-6f1f-48a6-908d-b44460fc2445"/>
<objectids-entry key="¤¤" objectid="401" type="THRESHOLD" value="3.8.187.97$mysql$4d540953-f01b-46f3-899c-9a788b6b2ec3"/>
<objectids-entry key="¤¤" objectid="402" type="THRESHOLD" value="3.8.187.97$mysql$242ad292-6f9d-40e2-bb4c-887f6037cdcb"/>
<objectids-entry key="¤¤" objectid="403" type="THRESHOLD" value="3.8.187.97$mysql$7118f45b-e50a-489c-8f37-af4129e19f6a"/>
<objectids-entry key="¤¤" objectid="404" type="THRESHOLD" value="3.8.187.97$tomcat$8df7c307-0148-4fca-a20a-743cb701cac3"/>
<objectids-entry key="¤¤" objectid="405" type="THRESHOLD" value="3.8.187.97$tomcat$ccac4213-04eb-4515-83d1-afcff646cfb7"/>
<objectids-entry key="¤¤" objectid="406" type="THRESHOLD" value="3.8.187.97$tomcat$bc4e42fd-7297-496b-96bf-9790693eb0de"/>
<objectids-entry key="¤¤" objectid="407" type="THRESHOLD" value="3.8.187.97$tomcat$ee8fd641-fc59-4ff0-af9e-e59d7fb347de"/>
<objectids-entry key="¤¤" objectid="408" type="THRESHOLD" value="3.8.187.97$tomcat$62e19d23-42f1-4701-9e6f-16d2b05457ff"/>
<objectids-entry key="¤¤" objectid="409" type="THRESHOLD" value="3.8.187.97$tomcat$64ee27d4-a721-4764-a179-c16a6dd19788"/>
<objectids-entry key="¤¤" objectid="410" type="THRESHOLD" value="3.8.187.97$tomcat$e08e7c96-90b0-4b1a-9495-f5bfc9cda183"/>
<objectids-entry key="¤¤" objectid="411" type="THRESHOLD" value="Injecteur localhost:7100$NeoLoad$5b69098c-4af4-44dc-988e-0278cb00af6d"/>
<objectids-entry key="¤¤" objectid="412" type="THRESHOLD" value="Injecteur localhost:7100$NeoLoad$06b9c8a5-d3b6-49e3-8e9f-550ef50be4b6"/>
<objectids-entry key="¤¤" objectid="413" type="THRESHOLD" value="Injecteur localhost:7100$NeoLoad$870d5217-f5d0-4711-8f02-2cb8da2a56e2"/>
</objectids-table>
<!--****** DURATION ******-->
<duration value="600128"/>
<!--****** AGGREGATION PERIOD ******-->
<aggregation-period value="1000"/>
<!--****** EXTENDED STATISTICS ******-->
<truncated-mean centered-interval="true" percentage="90"/>
<percentile percentage="50"/>
</project>
